"filename", "language", "JSON", "Markdown", "TypeScript", "JavaScript", "TypeScript React", "JavaScript React", "SCSS", "HTML", "comment", "blank", "total"
"c:\Users\crook\Documents\Algonex\Algonex_Code\README.md", "Markdown", 0, 2, 0, 0, 0, 0, 0, 0, 0, 1, 3
"c:\Users\crook\Documents\Algonex\Algonex_Code\back-end\config.json", "JSON", 4, 0, 0, 0, 0, 0, 0, 0, 0, 1, 5
"c:\Users\crook\Documents\Algonex\Algonex_Code\back-end\exchangeDataDetailed.ts", "TypeScript", 0, 0, 70, 0, 0, 0, 0, 0, 0, 2, 72
"c:\Users\crook\Documents\Algonex\Algonex_Code\back-end\package-lock.json", "JSON", 2415, 0, 0, 0, 0, 0, 0, 0, 0, 1, 2416
"c:\Users\crook\Documents\Algonex\Algonex_Code\back-end\package.json", "JSON", 41, 0, 0, 0, 0, 0, 0, 0, 0, 1, 42
"c:\Users\crook\Documents\Algonex\Algonex_Code\back-end\src\_helpers\ccxt.service.ts", "TypeScript", 0, 0, 68, 0, 0, 0, 0, 0, 0, 12, 80
"c:\Users\crook\Documents\Algonex\Algonex_Code\back-end\src\_helpers\db.ts", "TypeScript", 0, 0, 23, 0, 0, 0, 0, 0, 0, 3, 26
"c:\Users\crook\Documents\Algonex\Algonex_Code\back-end\src\_helpers\error-handler.ts", "TypeScript", 0, 0, 14, 0, 0, 0, 0, 0, 4, 4, 22
"c:\Users\crook\Documents\Algonex\Algonex_Code\back-end\src\_helpers\jwt.ts", "TypeScript", 0, 0, 21, 0, 0, 0, 0, 0, 2, 5, 28
"c:\Users\crook\Documents\Algonex\Algonex_Code\back-end\src\coindata\coindata.controller.ts", "TypeScript", 0, 0, 22, 0, 0, 0, 0, 0, 1, 4, 27
"c:\Users\crook\Documents\Algonex\Algonex_Code\back-end\src\coindata\coindata.model.ts", "TypeScript", 0, 0, 125, 0, 0, 0, 0, 0, 0, 15, 140
"c:\Users\crook\Documents\Algonex\Algonex_Code\back-end\src\coindata\coindata.service.ts", "TypeScript", 0, 0, 94, 0, 0, 0, 0, 0, 0, 20, 114
"c:\Users\crook\Documents\Algonex\Algonex_Code\back-end\src\coindata\historical.model.ts", "TypeScript", 0, 0, 71, 0, 0, 0, 0, 0, 56, 19, 146
"c:\Users\crook\Documents\Algonex\Algonex_Code\back-end\src\coindata\historical.service.ts", "TypeScript", 0, 0, 140, 0, 0, 0, 0, 0, 0, 26, 166
"c:\Users\crook\Documents\Algonex\Algonex_Code\back-end\src\exchanges\exchange.model.ts", "TypeScript", 0, 0, 122, 0, 0, 0, 0, 0, 0, 14, 136
"c:\Users\crook\Documents\Algonex\Algonex_Code\back-end\src\exchanges\exchange.service.ts", "TypeScript", 0, 0, 640, 0, 0, 0, 0, 0, 39, 121, 800
"c:\Users\crook\Documents\Algonex\Algonex_Code\back-end\src\exchanges\exchanges.controller.ts", "TypeScript", 0, 0, 55, 0, 0, 0, 0, 0, 1, 10, 66
"c:\Users\crook\Documents\Algonex\Algonex_Code\back-end\src\portfolios\portfolio.model.ts", "TypeScript", 0, 0, 81, 0, 0, 0, 0, 0, 8, 13, 102
"c:\Users\crook\Documents\Algonex\Algonex_Code\back-end\src\portfolios\portfolios.controller.ts", "TypeScript", 0, 0, 125, 0, 0, 0, 0, 0, 1, 17, 143
"c:\Users\crook\Documents\Algonex\Algonex_Code\back-end\src\portfolios\portfolios.service.ts", "TypeScript", 0, 0, 212, 0, 0, 0, 0, 0, 3, 41, 256
"c:\Users\crook\Documents\Algonex\Algonex_Code\back-end\src\resources\XRPUSD.json", "JSON", 25596, 0, 0, 0, 0, 0, 0, 0, 0, 0, 25596
"c:\Users\crook\Documents\Algonex\Algonex_Code\back-end\src\server.ts", "TypeScript", 0, 0, 27, 0, 0, 0, 0, 0, 4, 6, 37
"c:\Users\crook\Documents\Algonex\Algonex_Code\back-end\src\transactions\order.model.ts", "TypeScript", 0, 0, 58, 0, 0, 0, 0, 0, 2, 10, 70
"c:\Users\crook\Documents\Algonex\Algonex_Code\back-end\src\transactions\transaction.model.ts", "TypeScript", 0, 0, 97, 0, 0, 0, 0, 0, 2, 14, 113
"c:\Users\crook\Documents\Algonex\Algonex_Code\back-end\src\transactions\transactionView.ts", "TypeScript", 0, 0, 161, 0, 0, 0, 0, 0, 1, 26, 188
"c:\Users\crook\Documents\Algonex\Algonex_Code\back-end\src\transactions\transactions.controller.ts", "TypeScript", 0, 0, 25, 0, 0, 0, 0, 0, 1, 5, 31
"c:\Users\crook\Documents\Algonex\Algonex_Code\back-end\src\transactions\transactions.service.ts", "TypeScript", 0, 0, 56, 0, 0, 0, 0, 0, 0, 13, 69
"c:\Users\crook\Documents\Algonex\Algonex_Code\back-end\src\users\user.model.ts", "TypeScript", 0, 0, 30, 0, 0, 0, 0, 0, 0, 5, 35
"c:\Users\crook\Documents\Algonex\Algonex_Code\back-end\src\users\user.service.ts", "TypeScript", 0, 0, 60, 0, 0, 0, 0, 0, 6, 15, 81
"c:\Users\crook\Documents\Algonex\Algonex_Code\back-end\src\users\users.controller.ts", "TypeScript", 0, 0, 35, 0, 0, 0, 0, 0, 17, 9, 61
"c:\Users\crook\Documents\Algonex\Algonex_Code\back-end\tsconfig.json", "JSON", 17, 0, 0, 0, 0, 0, 0, 0, 4, 1, 22
"c:\Users\crook\Documents\Algonex\Algonex_Code\front-end\metapoirtfolioData.json", "JSON", 106, 0, 0, 0, 0, 0, 0, 0, 0, 1, 107
"c:\Users\crook\Documents\Algonex\Algonex_Code\front-end\package-lock.json", "JSON", 14031, 0, 0, 0, 0, 0, 0, 0, 0, 1, 14032
"c:\Users\crook\Documents\Algonex\Algonex_Code\front-end\package.json", "JSON", 112, 0, 0, 0, 0, 0, 0, 0, 0, 1, 113
"c:\Users\crook\Documents\Algonex\Algonex_Code\front-end\src\AlgonexStyles\Animations.tsx", "TypeScript React", 0, 0, 0, 0, 62, 0, 0, 0, 0, 4, 66
"c:\Users\crook\Documents\Algonex\Algonex_Code\front-end\src\AlgonexStyles\GeneralStyles.tsx", "TypeScript React", 0, 0, 0, 0, 129, 0, 0, 0, 0, 8, 137
"c:\Users\crook\Documents\Algonex\Algonex_Code\front-end\src\AlgonexStyles\IconStyles.ts", "TypeScript", 0, 0, 9, 0, 0, 0, 0, 0, 0, 2, 11
"c:\Users\crook\Documents\Algonex\Algonex_Code\front-end\src\AlgonexStyles\ResponsiveDesign.ts", "TypeScript", 0, 0, 44, 0, 0, 0, 0, 0, 0, 1, 45
"c:\Users\crook\Documents\Algonex\Algonex_Code\front-end\src\AlgonexStyles\TabularStyles.ts", "TypeScript", 0, 0, 62, 0, 0, 0, 0, 0, 0, 9, 71
"c:\Users\crook\Documents\Algonex\Algonex_Code\front-end\src\AlgonexStyles\Theme.ts", "TypeScript", 0, 0, 12, 0, 0, 0, 0, 0, 0, 2, 14
"c:\Users\crook\Documents\Algonex\Algonex_Code\front-end\src\AlgonexStyles\index.js", "JavaScript", 0, 0, 0, 4, 0, 0, 0, 0, 0, 1, 5
"c:\Users\crook\Documents\Algonex\Algonex_Code\front-end\src\AlgonexStyles\variables.scss", "SCSS", 0, 0, 0, 0, 0, 0, 25, 0, 1, 2, 28
"c:\Users\crook\Documents\Algonex\Algonex_Code\front-end\src\App\App.scss", "SCSS", 0, 0, 0, 0, 0, 0, 17, 0, 0, 1, 18
"c:\Users\crook\Documents\Algonex\Algonex_Code\front-end\src\App\App.tsx", "TypeScript React", 0, 0, 0, 0, 38, 0, 0, 0, 0, 4, 42
"c:\Users\crook\Documents\Algonex\Algonex_Code\front-end\src\App\appStyles.ts", "TypeScript", 0, 0, 4, 0, 0, 0, 0, 0, 0, 2, 6
"c:\Users\crook\Documents\Algonex\Algonex_Code\front-end\src\App\index.js", "JavaScript", 0, 0, 0, 1, 0, 0, 0, 0, 0, 0, 1
"c:\Users\crook\Documents\Algonex\Algonex_Code\front-end\src\Application\Application.tsx", "TypeScript React", 0, 0, 0, 0, 73, 0, 0, 0, 0, 7, 80
"c:\Users\crook\Documents\Algonex\Algonex_Code\front-end\src\Application\Styles.ts", "TypeScript", 0, 0, 43, 0, 0, 0, 0, 0, 0, 4, 47
"c:\Users\crook\Documents\Algonex\Algonex_Code\front-end\src\Application\index.js", "JavaScript", 0, 0, 0, 1, 0, 0, 0, 0, 0, 0, 1
"c:\Users\crook\Documents\Algonex\Algonex_Code\front-end\src\Bots\Bots.tsx", "TypeScript React", 0, 0, 0, 0, 10, 0, 0, 0, 0, 6, 16
"c:\Users\crook\Documents\Algonex\Algonex_Code\front-end\src\Bots\Styles.ts", "TypeScript", 0, 0, 1, 0, 0, 0, 0, 0, 0, 2, 3
"c:\Users\crook\Documents\Algonex\Algonex_Code\front-end\src\Bots\index.js", "JavaScript", 0, 0, 0, 1, 0, 0, 0, 0, 0, 0, 1
"c:\Users\crook\Documents\Algonex\Algonex_Code\front-end\src\Charts\Chart.jsx", "JavaScript React", 0, 0, 0, 0, 0, 53, 0, 0, 4, 12, 69
"c:\Users\crook\Documents\Algonex\Algonex_Code\front-end\src\Charts\Chart.scss", "SCSS", 0, 0, 0, 0, 0, 0, 9, 0, 0, 1, 10
"c:\Users\crook\Documents\Algonex\Algonex_Code\front-end\src\Charts\Test.jsx", "JavaScript React", 0, 0, 0, 0, 0, 48, 0, 0, 0, 7, 55
"c:\Users\crook\Documents\Algonex\Algonex_Code\front-end\src\Charts\index.js", "JavaScript", 0, 0, 0, 1, 0, 0, 0, 0, 0, 0, 1
"c:\Users\crook\Documents\Algonex\Algonex_Code\front-end\src\Charts\test2.jsx", "JavaScript React", 0, 0, 0, 0, 0, 248, 0, 0, 133, 26, 407
"c:\Users\crook\Documents\Algonex\Algonex_Code\front-end\src\Dashboard\Dashboard.tsx", "TypeScript React", 0, 0, 0, 0, 41, 0, 0, 0, 4, 4, 49
"c:\Users\crook\Documents\Algonex\Algonex_Code\front-end\src\Dashboard\Styles.ts", "TypeScript", 0, 0, 23, 0, 0, 0, 0, 0, 0, 3, 26
"c:\Users\crook\Documents\Algonex\Algonex_Code\front-end\src\Dashboard\index.js", "JavaScript", 0, 0, 0, 1, 0, 0, 0, 0, 0, 0, 1
"c:\Users\crook\Documents\Algonex\Algonex_Code\front-end\src\Exchanges\AddNewPopup\AddExchangeForm.tsx", "TypeScript React", 0, 0, 0, 0, 130, 0, 0, 0, 0, 17, 147
"c:\Users\crook\Documents\Algonex\Algonex_Code\front-end\src\Exchanges\AddNewPopup\AddNew.tsx", "TypeScript React", 0, 0, 0, 0, 137, 0, 0, 0, 0, 19, 156
"c:\Users\crook\Documents\Algonex\Algonex_Code\front-end\src\Exchanges\AddNewPopup\AddNewSelector.tsx", "TypeScript React", 0, 0, 0, 0, 89, 0, 0, 0, 0, 10, 99
"c:\Users\crook\Documents\Algonex\Algonex_Code\front-end\src\Exchanges\AddNewPopup\Style.ts", "TypeScript", 0, 0, 11, 0, 0, 0, 0, 0, 0, 2, 13
"c:\Users\crook\Documents\Algonex\Algonex_Code\front-end\src\Exchanges\ExchangeStyles.ts", "TypeScript", 0, 0, 51, 0, 0, 0, 0, 0, 0, 11, 62
"c:\Users\crook\Documents\Algonex\Algonex_Code\front-end\src\Exchanges\Forms\EditExchangeForm.tsx", "TypeScript React", 0, 0, 0, 0, 155, 0, 0, 0, 0, 22, 177
"c:\Users\crook\Documents\Algonex\Algonex_Code\front-end\src\Exchanges\Forms\ExchangeFormStyles.ts", "TypeScript", 0, 0, 7, 0, 0, 0, 0, 0, 0, 2, 9
"c:\Users\crook\Documents\Algonex\Algonex_Code\front-end\src\Exchanges\Forms\index.js", "JavaScript", 0, 0, 0, 2, 0, 0, 0, 0, 0, 0, 2
"c:\Users\crook\Documents\Algonex\Algonex_Code\front-end\src\Exchanges\ListCurrent.tsx", "TypeScript React", 0, 0, 0, 0, 78, 0, 0, 0, 0, 12, 90
"c:\Users\crook\Documents\Algonex\Algonex_Code\front-end\src\Exchanges\MyExchangeLineItem.tsx", "TypeScript React", 0, 0, 0, 0, 125, 0, 0, 0, 0, 16, 141
"c:\Users\crook\Documents\Algonex\Algonex_Code\front-end\src\Exchanges\index.js", "JavaScript", 0, 0, 0, 4, 0, 0, 0, 0, 0, 1, 5
"c:\Users\crook\Documents\Algonex\Algonex_Code\front-end\src\Hooks\UseEventListener.tsx", "TypeScript React", 0, 0, 0, 0, 27, 0, 0, 0, 6, 1, 34
"c:\Users\crook\Documents\Algonex\Algonex_Code\front-end\src\Hooks\index.js", "JavaScript", 0, 0, 0, 2, 0, 0, 0, 0, 0, 0, 2
"c:\Users\crook\Documents\Algonex\Algonex_Code\front-end\src\Hooks\useCheckCurrentLocation.tsx", "TypeScript React", 0, 0, 0, 0, 11, 0, 0, 0, 0, 6, 17
"c:\Users\crook\Documents\Algonex\Algonex_Code\front-end\src\Nav\BottomNav\BottomNav.tsx", "TypeScript React", 0, 0, 0, 0, 72, 0, 0, 0, 0, 8, 80
"c:\Users\crook\Documents\Algonex\Algonex_Code\front-end\src\Nav\BottomNav\Styles.ts", "TypeScript", 0, 0, 12, 0, 0, 0, 0, 0, 0, 1, 13
"c:\Users\crook\Documents\Algonex\Algonex_Code\front-end\src\Nav\BottomNav\index.js", "JavaScript", 0, 0, 0, 1, 0, 0, 0, 0, 0, 1, 2
"c:\Users\crook\Documents\Algonex\Algonex_Code\front-end\src\Nav\Sidebar\ActionItem\ActionItem.tsx", "TypeScript React", 0, 0, 0, 0, 111, 0, 0, 0, 0, 15, 126
"c:\Users\crook\Documents\Algonex\Algonex_Code\front-end\src\Nav\Sidebar\ActionItem\Styles.ts", "TypeScript", 0, 0, 85, 0, 0, 0, 0, 0, 0, 9, 94
"c:\Users\crook\Documents\Algonex\Algonex_Code\front-end\src\Nav\Sidebar\SidebarNav.tsx", "TypeScript React", 0, 0, 0, 0, 76, 0, 0, 0, 1, 14, 91
"c:\Users\crook\Documents\Algonex\Algonex_Code\front-end\src\Nav\Sidebar\Styles.ts", "TypeScript", 0, 0, 38, 0, 0, 0, 0, 0, 0, 5, 43
"c:\Users\crook\Documents\Algonex\Algonex_Code\front-end\src\Nav\Sidebar\index.js", "JavaScript", 0, 0, 0, 1, 0, 0, 0, 0, 0, 1, 2
"c:\Users\crook\Documents\Algonex\Algonex_Code\front-end\src\Nav\TopNav\Desktop\Styles.ts", "TypeScript", 0, 0, 54, 0, 0, 0, 0, 0, 0, 9, 63
"c:\Users\crook\Documents\Algonex\Algonex_Code\front-end\src\Nav\TopNav\Desktop\TopNav.tsx", "TypeScript React", 0, 0, 0, 0, 116, 0, 0, 0, 0, 11, 127
"c:\Users\crook\Documents\Algonex\Algonex_Code\front-end\src\Nav\TopNav\Desktop\index.js", "JavaScript", 0, 0, 0, 1, 0, 0, 0, 0, 0, 0, 1
"c:\Users\crook\Documents\Algonex\Algonex_Code\front-end\src\Nav\TopNav\Mobile\Styles.ts", "TypeScript", 0, 0, 54, 0, 0, 0, 0, 0, 0, 9, 63
"c:\Users\crook\Documents\Algonex\Algonex_Code\front-end\src\Nav\TopNav\Mobile\TopNav.tsx", "TypeScript React", 0, 0, 0, 0, 134, 0, 0, 0, 0, 16, 150
"c:\Users\crook\Documents\Algonex\Algonex_Code\front-end\src\Nav\TopNav\Mobile\index.js", "JavaScript", 0, 0, 0, 1, 0, 0, 0, 0, 0, 0, 1
"c:\Users\crook\Documents\Algonex\Algonex_Code\front-end\src\Nav\TopNav\index.js", "JavaScript", 0, 0, 0, 2, 0, 0, 0, 0, 0, 1, 3
"c:\Users\crook\Documents\Algonex\Algonex_Code\front-end\src\Nav\index.js", "JavaScript", 0, 0, 0, 3, 0, 0, 0, 0, 0, 1, 4
"c:\Users\crook\Documents\Algonex\Algonex_Code\front-end\src\Portfolio\Charts\Charts.tsx", "TypeScript React", 0, 0, 0, 0, 43, 0, 0, 0, 0, 9, 52
"c:\Users\crook\Documents\Algonex\Algonex_Code\front-end\src\Portfolio\Charts\Styles.ts", "TypeScript", 0, 0, 20, 0, 0, 0, 0, 0, 0, 3, 23
"c:\Users\crook\Documents\Algonex\Algonex_Code\front-end\src\Portfolio\Charts\index.js", "JavaScript", 0, 0, 0, 1, 0, 0, 0, 0, 0, 0, 1
"c:\Users\crook\Documents\Algonex\Algonex_Code\front-end\src\Portfolio\Holdings\HoldingItem\HoldingItem.tsx", "TypeScript React", 0, 0, 0, 0, 86, 0, 0, 0, 0, 8, 94
"c:\Users\crook\Documents\Algonex\Algonex_Code\front-end\src\Portfolio\Holdings\Holdings.tsx", "TypeScript React", 0, 0, 0, 0, 59, 0, 0, 0, 0, 7, 66
"c:\Users\crook\Documents\Algonex\Algonex_Code\front-end\src\Portfolio\Holdings\index.js", "JavaScript", 0, 0, 0, 1, 0, 0, 0, 0, 0, 0, 1
"c:\Users\crook\Documents\Algonex\Algonex_Code\front-end\src\Portfolio\MetaPortfolio\MetaPortfolio.tsx", "TypeScript React", 0, 0, 0, 0, 201, 0, 0, 0, 2, 25, 228
"c:\Users\crook\Documents\Algonex\Algonex_Code\front-end\src\Portfolio\MetaPortfolio\Styles.ts", "TypeScript", 0, 0, 80, 0, 0, 0, 0, 0, 1, 13, 94
"c:\Users\crook\Documents\Algonex\Algonex_Code\front-end\src\Portfolio\MetaPortfolio\index.js", "JavaScript", 0, 0, 0, 1, 0, 0, 0, 0, 0, 0, 1
"c:\Users\crook\Documents\Algonex\Algonex_Code\front-end\src\Portfolio\OpenOrders\OpenOrderItem\OpenOrderItem.tsx", "TypeScript React", 0, 0, 0, 0, 139, 0, 0, 0, 0, 13, 152
"c:\Users\crook\Documents\Algonex\Algonex_Code\front-end\src\Portfolio\OpenOrders\OpenOrders.tsx", "TypeScript React", 0, 0, 0, 0, 26, 0, 0, 0, 0, 5, 31
"c:\Users\crook\Documents\Algonex\Algonex_Code\front-end\src\Portfolio\OpenOrders\index.js", "JavaScript", 0, 0, 0, 1, 0, 0, 0, 0, 0, 1, 2
"c:\Users\crook\Documents\Algonex\Algonex_Code\front-end\src\Portfolio\Portfolio.tsx", "TypeScript React", 0, 0, 0, 0, 84, 0, 0, 0, 0, 13, 97
"c:\Users\crook\Documents\Algonex\Algonex_Code\front-end\src\Portfolio\PortfolioFilter\Filter.tsx", "TypeScript React", 0, 0, 0, 0, 168, 0, 0, 0, 60, 17, 245
"c:\Users\crook\Documents\Algonex\Algonex_Code\front-end\src\Portfolio\PortfolioFilter\Styles.ts", "TypeScript", 0, 0, 39, 0, 0, 0, 0, 0, 0, 6, 45
"c:\Users\crook\Documents\Algonex\Algonex_Code\front-end\src\Portfolio\PortfolioFilter\index.js", "JavaScript", 0, 0, 0, 1, 0, 0, 0, 0, 0, 0, 1
"c:\Users\crook\Documents\Algonex\Algonex_Code\front-end\src\Portfolio\Styles.ts", "TypeScript", 0, 0, 7, 0, 0, 0, 0, 0, 0, 1, 8
"c:\Users\crook\Documents\Algonex\Algonex_Code\front-end\src\Portfolio\Transactions\TransactionItem\TransactionItem.tsx", "TypeScript React", 0, 0, 0, 0, 152, 0, 0, 0, 0, 15, 167
"c:\Users\crook\Documents\Algonex\Algonex_Code\front-end\src\Portfolio\Transactions\Transactions.tsx", "TypeScript React", 0, 0, 0, 0, 27, 0, 0, 0, 0, 8, 35
"c:\Users\crook\Documents\Algonex\Algonex_Code\front-end\src\Portfolio\Transactions\index.js", "JavaScript", 0, 0, 0, 1, 0, 0, 0, 0, 0, 0, 1
"c:\Users\crook\Documents\Algonex\Algonex_Code\front-end\src\Portfolio\index.js", "JavaScript", 0, 0, 0, 6, 0, 0, 0, 0, 0, 0, 6
"c:\Users\crook\Documents\Algonex\Algonex_Code\front-end\src\RegisterPage\LoginPage.tsx", "TypeScript React", 0, 0, 0, 0, 99, 0, 0, 0, 0, 7, 106
"c:\Users\crook\Documents\Algonex\Algonex_Code\front-end\src\RegisterPage\RegisterPage.tsx", "TypeScript React", 0, 0, 0, 0, 183, 0, 0, 0, 0, 16, 199
"c:\Users\crook\Documents\Algonex\Algonex_Code\front-end\src\RegisterPage\RegistrationStyles.ts", "TypeScript", 0, 0, 12, 0, 0, 0, 0, 0, 0, 5, 17
"c:\Users\crook\Documents\Algonex\Algonex_Code\front-end\src\RegisterPage\index.js", "JavaScript", 0, 0, 0, 2, 0, 0, 0, 0, 0, 1, 3
"c:\Users\crook\Documents\Algonex\Algonex_Code\front-end\src\Settings\Settings.tsx", "TypeScript React", 0, 0, 0, 0, 10, 0, 0, 0, 0, 6, 16
"c:\Users\crook\Documents\Algonex\Algonex_Code\front-end\src\Settings\Styles.ts", "TypeScript", 0, 0, 1, 0, 0, 0, 0, 0, 0, 2, 3
"c:\Users\crook\Documents\Algonex\Algonex_Code\front-end\src\Settings\index.js", "JavaScript", 0, 0, 0, 1, 0, 0, 0, 0, 0, 0, 1
"c:\Users\crook\Documents\Algonex\Algonex_Code\front-end\src\Trade\Styles.ts", "TypeScript", 0, 0, 1, 0, 0, 0, 0, 0, 0, 2, 3
"c:\Users\crook\Documents\Algonex\Algonex_Code\front-end\src\Trade\Trade.tsx", "TypeScript React", 0, 0, 0, 0, 10, 0, 0, 0, 0, 6, 16
"c:\Users\crook\Documents\Algonex\Algonex_Code\front-end\src\Trade\index.js", "JavaScript", 0, 0, 0, 1, 0, 0, 0, 0, 0, 0, 1
"c:\Users\crook\Documents\Algonex\Algonex_Code\front-end\src\_actions\alert.actions.ts", "TypeScript", 0, 0, 15, 0, 0, 0, 0, 0, 0, 4, 19
"c:\Users\crook\Documents\Algonex\Algonex_Code\front-end\src\_actions\applicationView.actions.ts", "TypeScript", 0, 0, 29, 0, 0, 0, 0, 0, 0, 4, 33
"c:\Users\crook\Documents\Algonex\Algonex_Code\front-end\src\_actions\exchange.actions.ts", "TypeScript", 0, 0, 127, 0, 0, 0, 0, 0, 0, 16, 143
"c:\Users\crook\Documents\Algonex\Algonex_Code\front-end\src\_actions\index.js", "JavaScript", 0, 0, 0, 4, 0, 0, 0, 0, 0, 1, 5
"c:\Users\crook\Documents\Algonex\Algonex_Code\front-end\src\_actions\portfolio.actions.ts", "TypeScript", 0, 0, 95, 0, 0, 0, 0, 0, 23, 12, 130
"c:\Users\crook\Documents\Algonex\Algonex_Code\front-end\src\_actions\user.actions.ts", "TypeScript", 0, 0, 65, 0, 0, 0, 0, 0, 28, 14, 107
"c:\Users\crook\Documents\Algonex\Algonex_Code\front-end\src\_components\Alert\Alert.tsx", "TypeScript React", 0, 0, 0, 0, 44, 0, 0, 0, 0, 3, 47
"c:\Users\crook\Documents\Algonex\Algonex_Code\front-end\src\_components\Alert\AlertStyles.ts", "TypeScript", 0, 0, 32, 0, 0, 0, 0, 0, 0, 5, 37
"c:\Users\crook\Documents\Algonex\Algonex_Code\front-end\src\_components\Charts\Pie\PieChart.scss", "SCSS", 0, 0, 0, 0, 0, 0, 28, 0, 0, 2, 30
"c:\Users\crook\Documents\Algonex\Algonex_Code\front-end\src\_components\Charts\Pie\PieChart.tsx", "TypeScript React", 0, 0, 0, 0, 70, 0, 0, 0, 0, 12, 82
"c:\Users\crook\Documents\Algonex\Algonex_Code\front-end\src\_components\Charts\TimeSeries\PortfolioLineChart.scss", "SCSS", 0, 0, 0, 0, 0, 0, 36, 0, 1, 0, 37
"c:\Users\crook\Documents\Algonex\Algonex_Code\front-end\src\_components\Charts\TimeSeries\PortfolioLineChart.tsx", "TypeScript React", 0, 0, 0, 0, 252, 0, 0, 0, 22, 39, 313
"c:\Users\crook\Documents\Algonex\Algonex_Code\front-end\src\_components\Charts\TimeSeries\TestChart.tsx", "TypeScript React", 0, 0, 0, 0, 76, 0, 0, 0, 42, 11, 129
"c:\Users\crook\Documents\Algonex\Algonex_Code\front-end\src\_components\Charts\index.js", "JavaScript", 0, 0, 0, 2, 0, 0, 0, 0, 0, 0, 2
"c:\Users\crook\Documents\Algonex\Algonex_Code\front-end\src\_components\Dropdown\Dropdown.tsx", "TypeScript React", 0, 0, 0, 0, 41, 0, 0, 0, 1, 5, 47
"c:\Users\crook\Documents\Algonex\Algonex_Code\front-end\src\_components\Dropdown\DropdownStyles.ts", "TypeScript", 0, 0, 29, 0, 0, 0, 0, 0, 0, 4, 33
"c:\Users\crook\Documents\Algonex\Algonex_Code\front-end\src\_components\ErrorBoundary.tsx", "TypeScript React", 0, 0, 0, 0, 24, 0, 0, 0, 3, 6, 33
"c:\Users\crook\Documents\Algonex\Algonex_Code\front-end\src\_components\Icons\Icons.tsx", "TypeScript React", 0, 0, 0, 0, 38, 0, 0, 0, 0, 2, 40
"c:\Users\crook\Documents\Algonex\Algonex_Code\front-end\src\_components\Icons\TransactionTypeIcons.tsx", "TypeScript React", 0, 0, 0, 0, 84, 0, 0, 0, 0, 6, 90
"c:\Users\crook\Documents\Algonex\Algonex_Code\front-end\src\_components\Icons\index.js", "JavaScript", 0, 0, 0, 2, 0, 0, 0, 0, 0, 0, 2
"c:\Users\crook\Documents\Algonex\Algonex_Code\front-end\src\_components\Modal\Modal.tsx", "TypeScript React", 0, 0, 0, 0, 63, 0, 0, 0, 0, 7, 70
"c:\Users\crook\Documents\Algonex\Algonex_Code\front-end\src\_components\Modal\Styles.ts", "TypeScript", 0, 0, 48, 0, 0, 0, 0, 0, 0, 5, 53
"c:\Users\crook\Documents\Algonex\Algonex_Code\front-end\src\_components\Placeholders\DashboardNoExchanges.tsx", "TypeScript React", 0, 0, 0, 0, 18, 0, 0, 0, 0, 7, 25
"c:\Users\crook\Documents\Algonex\Algonex_Code\front-end\src\_components\Placeholders\Styles.ts", "TypeScript", 0, 0, 6, 0, 0, 0, 0, 0, 0, 1, 7
"c:\Users\crook\Documents\Algonex\Algonex_Code\front-end\src\_components\Placeholders\index.js", "JavaScript", 0, 0, 0, 1, 0, 0, 0, 0, 0, 1, 2
"c:\Users\crook\Documents\Algonex\Algonex_Code\front-end\src\_components\PrivateRoute.jsx", "JavaScript React", 0, 0, 0, 0, 0, 9, 0, 0, 0, 1, 10
"c:\Users\crook\Documents\Algonex\Algonex_Code\front-end\src\_components\index.js", "JavaScript", 0, 0, 0, 8, 0, 0, 0, 0, 0, 0, 8
"c:\Users\crook\Documents\Algonex\Algonex_Code\front-end\src\_constants\alert.constants.ts", "TypeScript", 0, 0, 5, 0, 0, 0, 0, 0, 0, 1, 6
"c:\Users\crook\Documents\Algonex\Algonex_Code\front-end\src\_constants\applicationView.constants.js", "JavaScript", 0, 0, 0, 4, 0, 0, 0, 0, 0, 1, 5
"c:\Users\crook\Documents\Algonex\Algonex_Code\front-end\src\_constants\exchange.constants.js", "JavaScript", 0, 0, 0, 17, 0, 0, 0, 0, 0, 6, 23
"c:\Users\crook\Documents\Algonex\Algonex_Code\front-end\src\_constants\index.js", "JavaScript", 0, 0, 0, 4, 0, 0, 0, 0, 0, 0, 4
"c:\Users\crook\Documents\Algonex\Algonex_Code\front-end\src\_constants\portfolio.constants.js", "JavaScript", 0, 0, 0, 16, 0, 0, 0, 0, 0, 1, 17
"c:\Users\crook\Documents\Algonex\Algonex_Code\front-end\src\_constants\user.constants.ts", "TypeScript", 0, 0, 15, 0, 0, 0, 0, 0, 0, 5, 20
"c:\Users\crook\Documents\Algonex\Algonex_Code\front-end\src\_helpers\auth-header.js", "JavaScript", 0, 0, 0, 8, 0, 0, 0, 0, 1, 1, 10
"c:\Users\crook\Documents\Algonex\Algonex_Code\front-end\src\_helpers\formatters.ts", "TypeScript", 0, 0, 27, 0, 0, 0, 0, 0, 0, 4, 31
"c:\Users\crook\Documents\Algonex\Algonex_Code\front-end\src\_helpers\history.ts", "TypeScript", 0, 0, 2, 0, 0, 0, 0, 0, 0, 2, 4
"c:\Users\crook\Documents\Algonex\Algonex_Code\front-end\src\_helpers\index.js", "JavaScript", 0, 0, 0, 4, 0, 0, 0, 0, 0, 1, 5
"c:\Users\crook\Documents\Algonex\Algonex_Code\front-end\src\_helpers\store.js", "JavaScript", 0, 0, 0, 12, 0, 0, 0, 0, 0, 2, 14
"c:\Users\crook\Documents\Algonex\Algonex_Code\front-end\src\_reducers\alert.reducer.ts", "TypeScript", 0, 0, 23, 0, 0, 0, 0, 0, 0, 2, 25
"c:\Users\crook\Documents\Algonex\Algonex_Code\front-end\src\_reducers\applicationView.reducer.ts", "TypeScript", 0, 0, 49, 0, 0, 0, 0, 0, 0, 5, 54
"c:\Users\crook\Documents\Algonex\Algonex_Code\front-end\src\_reducers\authentication.reducer.ts", "TypeScript", 0, 0, 35, 0, 0, 0, 0, 0, 0, 5, 40
"c:\Users\crook\Documents\Algonex\Algonex_Code\front-end\src\_reducers\exchange.reducer.ts", "TypeScript", 0, 0, 112, 0, 0, 0, 0, 0, 4, 13, 129
"c:\Users\crook\Documents\Algonex\Algonex_Code\front-end\src\_reducers\index.ts", "TypeScript", 0, 0, 27, 0, 0, 0, 0, 0, 0, 4, 31
"c:\Users\crook\Documents\Algonex\Algonex_Code\front-end\src\_reducers\portfolio.reducer.ts", "TypeScript", 0, 0, 92, 0, 0, 0, 0, 0, 28, 13, 133
"c:\Users\crook\Documents\Algonex\Algonex_Code\front-end\src\_reducers\registration.reducer.ts", "TypeScript", 0, 0, 25, 0, 0, 0, 0, 0, 0, 4, 29
"c:\Users\crook\Documents\Algonex\Algonex_Code\front-end\src\_services\exchange.service.ts", "TypeScript", 0, 0, 105, 0, 0, 0, 0, 0, 2, 10, 117
"c:\Users\crook\Documents\Algonex\Algonex_Code\front-end\src\_services\index.js", "JavaScript", 0, 0, 0, 3, 0, 0, 0, 0, 0, 0, 3
"c:\Users\crook\Documents\Algonex\Algonex_Code\front-end\src\_services\portfolio.service.ts", "TypeScript", 0, 0, 234, 0, 0, 0, 0, 0, 17, 20, 271
"c:\Users\crook\Documents\Algonex\Algonex_Code\front-end\src\_services\user.service.ts", "TypeScript", 0, 0, 71, 0, 0, 0, 0, 0, 2, 15, 88
"c:\Users\crook\Documents\Algonex\Algonex_Code\front-end\src\index.html", "HTML", 0, 0, 0, 0, 0, 0, 0, 31, 0, 0, 31
"c:\Users\crook\Documents\Algonex\Algonex_Code\front-end\src\index.jsx", "JavaScript React", 0, 0, 0, 0, 0, 11, 0, 0, 0, 3, 14
"c:\Users\crook\Documents\Algonex\Algonex_Code\front-end\src\types\global.d.ts", "TypeScript", 0, 0, 1, 0, 0, 0, 0, 0, 0, 0, 1
"c:\Users\crook\Documents\Algonex\Algonex_Code\front-end\src\types\import-png.d.ts", "TypeScript", 0, 0, 4, 0, 0, 0, 0, 0, 0, 0, 4
"c:\Users\crook\Documents\Algonex\Algonex_Code\front-end\src\types\index.js", "JavaScript", 0, 0, 0, 2, 0, 0, 0, 0, 0, 0, 2
"c:\Users\crook\Documents\Algonex\Algonex_Code\front-end\src\types\react-use-dimensions.d.ts", "TypeScript", 0, 0, 9, 0, 0, 0, 0, 0, 0, 1, 10
"c:\Users\crook\Documents\Algonex\Algonex_Code\front-end\tsconfig.json", "JSON", 18, 0, 0, 0, 0, 0, 0, 0, 0, 2, 20
"c:\Users\crook\Documents\Algonex\Algonex_Code\front-end\tslint.json", "JSON", 4, 0, 0, 0, 0, 0, 0, 0, 0, 0, 4
"c:\Users\crook\Documents\Algonex\Algonex_Code\front-end\webpack.config.js", "JavaScript", 0, 0, 0, 66, 0, 0, 0, 0, 0, 5, 71
"c:\Users\crook\Documents\Algonex\Algonex_Code\types\exchange.types.ts", "TypeScript", 0, 0, 39, 0, 0, 0, 0, 0, 0, 5, 44
"c:\Users\crook\Documents\Algonex\Algonex_Code\types\general-types.ts", "TypeScript", 0, 0, 1, 0, 0, 0, 0, 0, 0, 1, 2
"c:\Users\crook\Documents\Algonex\Algonex_Code\types\index.js", "JavaScript", 0, 0, 0, 4, 0, 0, 0, 0, 0, 1, 5
"c:\Users\crook\Documents\Algonex\Algonex_Code\types\portfolio.types.ts", "TypeScript", 0, 0, 106, 0, 0, 0, 0, 0, 0, 9, 115
"c:\Users\crook\Documents\Algonex\Algonex_Code\types\user.types.ts", "TypeScript", 0, 0, 25, 0, 0, 0, 0, 0, 0, 4, 29
"Total", "-", 42344, 2, 4555, 199, 3611, 369, 115, 31, 538, 1268, 53032